﻿Designator,Footprint,Quantity,Value,LCSC Part #
BT1,BatteryHolder_Keystone_3034_1x20mm,1,Battery_Cell,
C1,CP_Radial_D8.0mm_P5.00mm,1,10µF,
D1,LED_D5.0mm,1,LED,
M1,PinHeader_1x02_P2.54mm_Vertical,1,Motor_DC,
Q1,TO-92L_HandSolder,1,NPN,
Q2,TO-92L_HandSolder,1,PNP,
"R1, R3, R4",R_Axial_DIN0207_L6.3mm_D2.5mm_P7.62mm_Horizontal,3,4.7kΩ,
R2,R_Axial_DIN0207_L6.3mm_D2.5mm_P7.62mm_Horizontal,1,47kΩ,
R5,R_Axial_DIN0207_L6.3mm_D2.5mm_P7.62mm_Horizontal,1,220Ω,
RV1,Potentiometer_Vishay_T73YP_Vertical,1,47kΩ,
SW1,SW_PUSH_6mm,1,SW_Push,
